City_ID,City,Lat,Lng,Max Temp,Humidity,Cloudiness,Wind Speed,Country,Date,current Description
0,Vaini,-21.2,-175.2,66.36,82,20,6.91,TO,2021-08-07 15:05:52,few clouds
1,Rikitea,-23.1203,-134.9692,73.85,80,5,9.01,PF,2021-08-07 15:05:53,clear sky
2,Port Elizabeth,-33.918,25.5701,66.09,80,90,11.18,ZA,2021-08-07 15:04:36,overcast clouds
3,Pevek,69.7008,170.3133,39.36,86,36,7.02,RU,2021-08-07 15:05:53,scattered clouds
4,Qaanaaq,77.484,-69.3632,41.32,72,91,6.13,GL,2021-08-07 15:05:54,overcast clouds
5,Dunedin,-45.8742,170.5036,39.79,71,100,8.25,NZ,2021-08-07 15:05:54,overcast clouds
6,Vegreville,53.5001,-112.0518,61.86,51,100,4.7,CA,2021-08-07 15:04:44,overcast clouds
7,Hilo,19.7297,-155.09,74.93,87,90,3.44,US,2021-08-07 15:05:02,light rain
8,Guarapari,-20.6667,-40.4975,69.69,72,99,6.58,BR,2021-08-07 15:05:55,overcast clouds
9,Moroni,-11.7022,43.2551,76.1,72,42,6.8,KM,2021-08-07 15:05:55,light rain
10,Bredasdorp,-34.5322,20.0403,61.81,76,100,4.34,ZA,2021-08-07 15:05:56,overcast clouds
11,Karratha,-20.7377,116.8463,71.56,65,96,6.51,AU,2021-08-07 15:05:56,light rain
12,Puerto Ayora,-0.7393,-90.3518,72.55,83,87,5.01,EC,2021-08-07 15:05:56,overcast clouds
13,Te Anau,-45.4167,167.7167,36.07,98,100,3.67,NZ,2021-08-07 15:05:57,overcast clouds
14,Chuy,-33.6971,-53.4616,66.9,64,5,7.0,UY,2021-08-07 15:05:57,clear sky
15,Carnarvon,-24.8667,113.6333,66.27,90,90,8.05,AU,2021-08-07 15:05:57,overcast clouds
16,Shimoda,34.6667,138.95,84.31,89,100,19.3,JP,2021-08-07 15:05:58,moderate rain
17,Bonoua,5.2741,-3.595,82.02,66,98,9.91,CI,2021-08-07 15:01:13,overcast clouds
18,Morros,-9.4467,-46.3003,86.9,30,1,13.15,BR,2021-08-07 15:05:58,clear sky
19,Tasiilaq,65.6145,-37.6368,48.36,93,99,4.92,GL,2021-08-07 15:03:11,overcast clouds
20,Punta Arenas,-53.15,-70.9167,33.91,93,40,28.77,CL,2021-08-07 15:05:13,light shower snow
21,Nouakchott,18.0858,-15.9785,85.93,78,22,14.16,MR,2021-08-07 15:05:59,few clouds
22,Zhigansk,66.7697,123.3711,61.32,49,91,10.04,RU,2021-08-07 15:05:59,overcast clouds
23,Khatanga,71.9667,102.5,51.58,70,10,7.92,RU,2021-08-07 15:06:00,clear sky
24,Bluff,-46.6,168.3333,35.8,65,100,6.08,NZ,2021-08-07 15:06:00,overcast clouds
25,Olafsvik,64.8945,-23.7142,54.48,77,54,1.59,IS,2021-08-07 15:06:00,broken clouds
26,Kovdor,67.5662,30.4758,68.88,41,14,5.44,RU,2021-08-07 15:06:01,few clouds
27,Hermanus,-34.4187,19.2345,64.9,73,100,4.65,ZA,2021-08-07 15:06:01,overcast clouds
28,Hobart,-42.8794,147.3294,39.06,81,90,11.5,AU,2021-08-07 15:02:31,overcast clouds
29,Bousso,10.4795,16.7117,87.51,56,100,5.03,TD,2021-08-07 15:06:02,overcast clouds
30,Hanyang,32.1371,105.5126,72.82,82,62,4.12,CN,2021-08-07 15:06:02,light rain
31,Camacha,33.0833,-16.3333,71.02,78,40,14.97,PT,2021-08-07 15:05:10,scattered clouds
32,Arraial Do Cabo,-22.9661,-42.0278,75.06,60,40,12.66,BR,2021-08-07 15:06:02,scattered clouds
33,Kurri Kurri,-32.8167,151.4833,54.41,82,0,4.12,AU,2021-08-07 15:06:03,clear sky
34,Kruisfontein,-34.0033,24.7314,63.88,75,100,6.71,ZA,2021-08-07 15:06:03,overcast clouds
35,Ushuaia,-54.8,-68.3,30.67,76,92,9.08,AR,2021-08-07 15:01:20,light snow
36,Albany,42.6001,-73.9662,82.31,73,100,2.84,US,2021-08-07 15:04:19,overcast clouds
37,Margate,51.3813,1.3862,68.7,62,57,5.99,GB,2021-08-07 15:06:04,broken clouds
38,Najran,17.4924,44.1277,93.87,17,86,13.2,SA,2021-08-07 15:03:22,overcast clouds
39,Provideniya,64.3833,-173.3,44.01,86,100,4.34,RU,2021-08-07 15:06:04,light rain
40,Yekaterinoslavka,50.3734,129.1139,63.57,98,28,11.81,RU,2021-08-07 15:06:05,scattered clouds
41,Hambantota,6.1241,81.1185,82.74,78,20,10.36,LK,2021-08-07 15:06:05,few clouds
42,Lagoa,39.05,-27.9833,69.01,68,100,14.07,PT,2021-08-07 15:06:05,overcast clouds
43,Siilinjarvi,63.0833,27.6667,69.82,46,0,14.97,FI,2021-08-07 15:06:06,clear sky
44,Namibe,-15.1961,12.1522,72.82,80,42,12.24,AO,2021-08-07 15:06:06,scattered clouds
45,Cocorit,27.5833,-109.9667,77.34,75,99,5.55,MX,2021-08-07 15:06:07,overcast clouds
46,Salalah,17.0151,54.0924,78.89,89,75,8.05,OM,2021-08-07 15:06:07,broken clouds
47,Chokurdakh,70.6333,147.9167,46.76,79,6,7.72,RU,2021-08-07 15:06:07,clear sky
48,Cockburn Town,21.4612,-71.1419,85.96,66,40,11.5,TC,2021-08-07 15:06:08,scattered clouds
49,Pangnirtung,66.1451,-65.7125,40.68,89,100,4.14,CA,2021-08-07 15:06:08,overcast clouds
50,Nikolskoye,59.7035,30.7861,62.49,98,100,8.66,RU,2021-08-07 15:06:08,light rain
51,Cidreira,-30.1811,-50.2056,68.09,68,14,10.18,BR,2021-08-07 15:06:09,few clouds
52,Laja,-37.2667,-72.7,52.59,59,30,9.51,CL,2021-08-07 15:06:09,scattered clouds
53,Busselton,-33.65,115.3333,59.09,92,100,16.49,AU,2021-08-07 15:06:09,light rain
54,Mangit,40.5971,70.9607,88.88,26,33,13.27,UZ,2021-08-07 15:06:10,scattered clouds
55,Huarmey,-10.0681,-78.1522,67.55,74,49,9.8,PE,2021-08-07 15:04:07,scattered clouds
56,Dikson,73.5069,80.5464,50.09,70,14,10.04,RU,2021-08-07 15:06:11,few clouds
57,Leningradskiy,69.3833,178.4167,37.45,92,100,8.14,RU,2021-08-07 15:06:11,overcast clouds
58,Portland,45.5234,-122.6762,68.41,80,75,1.99,US,2021-08-07 15:06:05,broken clouds
59,Rocha,-34.4833,-54.3333,70.84,62,7,10.94,UY,2021-08-07 15:06:11,clear sky
60,Burnie,-41.0667,145.9167,39.92,78,8,6.98,AU,2021-08-07 15:06:12,clear sky
61,Ponta Do Sol,32.6667,-17.1,78.12,80,55,4.47,PT,2021-08-07 15:06:13,broken clouds
62,Los Llanos De Aridane,28.6585,-17.9182,73.15,95,75,10.36,ES,2021-08-07 15:06:13,broken clouds
63,Tuktoyaktuk,69.4541,-133.0374,41.4,85,100,12.91,CA,2021-08-07 15:03:15,light rain
64,Amposta,40.7131,0.581,92.93,40,36,5.21,ES,2021-08-07 15:06:13,scattered clouds
65,Butaritari,3.0707,172.7902,82.02,72,19,12.3,KI,2021-08-07 15:06:14,few clouds
66,Longyearbyen,78.2186,15.6401,48.04,71,40,13.8,SJ,2021-08-07 15:06:15,scattered clouds
67,Bambous Virieux,-20.3428,57.7575,69.22,68,17,13.51,MU,2021-08-07 15:06:15,few clouds
68,Copiapo,-27.3667,-70.3333,51.49,59,14,5.93,CL,2021-08-07 15:06:15,few clouds
69,Constitucion,-35.3333,-72.4167,55.38,69,54,8.66,CL,2021-08-07 15:06:16,broken clouds
70,Barrow,71.2906,-156.7887,35.62,82,90,5.75,US,2021-08-07 15:06:16,mist
71,Castro,-24.7911,-50.0119,66.0,59,97,7.2,BR,2021-08-07 15:01:40,overcast clouds
72,Kokorevka,52.5872,34.2778,77.43,63,100,8.48,RU,2021-08-07 15:06:16,overcast clouds
73,Saldanha,-33.0117,17.9442,59.41,68,100,6.55,ZA,2021-08-07 15:06:17,overcast clouds
74,Quelimane,-17.8786,36.8883,73.76,64,1,9.13,MZ,2021-08-07 15:06:17,clear sky
75,Kodiak,57.79,-152.4072,53.11,94,90,0.0,US,2021-08-07 15:06:17,overcast clouds
76,Mataura,-46.1927,168.8643,35.47,98,100,1.92,NZ,2021-08-07 15:06:18,overcast clouds
77,Mbandaka,0.0487,18.2603,80.26,64,67,8.05,CD,2021-08-07 15:06:18,light rain
78,Iqaluit,63.7506,-68.5145,37.89,97,100,13.96,CA,2021-08-07 15:06:19,light rain
79,Tual,-5.6667,132.75,80.64,79,100,20.8,ID,2021-08-07 15:06:19,overcast clouds
80,Katsuura,35.1333,140.3,82.51,89,100,13.02,JP,2021-08-07 15:06:19,light rain
81,Ribeira Grande,38.5167,-28.7,73.8,56,40,11.5,PT,2021-08-07 15:06:20,scattered clouds
82,Bulls,-40.1667,175.3833,51.22,78,29,12.08,NZ,2021-08-07 15:06:20,scattered clouds
83,Jamestown,42.097,-79.2353,80.51,69,1,0.0,US,2021-08-07 15:05:44,clear sky
84,Thompson,55.7435,-97.8558,69.17,48,7,9.37,CA,2021-08-07 15:02:29,clear sky
85,Christchurch,-43.5333,172.6333,41.2,87,75,4.61,NZ,2021-08-07 15:06:21,broken clouds
86,Oistins,13.0667,-59.5333,86.09,66,40,16.11,BB,2021-08-07 15:06:21,scattered clouds
87,Kurilsk,45.2333,147.8833,61.84,97,81,9.75,RU,2021-08-07 15:06:21,broken clouds
88,Jilin,43.0,126.0,66.29,83,0,2.46,CN,2021-08-07 15:06:22,clear sky
89,Fuxin,42.0156,121.6589,73.2,75,1,2.57,CN,2021-08-07 15:05:35,clear sky
90,Coquimbo,-29.9533,-71.3436,58.73,62,75,3.44,CL,2021-08-07 15:06:22,broken clouds
91,East London,-33.0153,27.9116,64.27,69,55,8.48,ZA,2021-08-07 15:06:23,broken clouds
92,Fort Nelson,58.8053,-122.7002,54.07,97,100,15.19,CA,2021-08-07 15:06:23,moderate rain
93,Itarema,-2.9248,-39.9167,90.73,41,17,16.26,BR,2021-08-07 15:06:23,few clouds
94,Qasigiannguit,68.8193,-51.1922,48.45,60,100,7.78,GL,2021-08-07 15:06:24,overcast clouds
95,Dabat,12.9842,37.765,57.52,85,46,4.52,ET,2021-08-07 15:06:24,moderate rain
96,Cape Town,-33.9258,18.4232,65.12,80,100,1.99,ZA,2021-08-07 15:02:20,overcast clouds
97,Ostrovnoy,68.0531,39.5131,60.13,73,32,13.04,RU,2021-08-07 15:06:25,scattered clouds
98,Honiara,-9.4333,159.95,77.27,83,100,2.59,SB,2021-08-07 15:06:25,overcast clouds
99,Ilhabela,-23.7781,-45.3581,71.17,72,85,7.4,BR,2021-08-07 15:06:25,overcast clouds
100,Kaitangata,-46.2817,169.8464,37.47,91,100,5.91,NZ,2021-08-07 15:06:26,overcast clouds
101,Batagay-Alyta,67.8006,130.4114,54.1,58,71,3.42,RU,2021-08-07 15:06:26,broken clouds
102,Plymouth,41.8334,-70.8328,87.3,73,1,6.91,US,2021-08-07 15:06:26,clear sky
103,Pisco,-13.7,-76.2167,62.65,72,90,6.91,PE,2021-08-07 15:05:04,overcast clouds
104,Aykhal,66.0,111.5,54.7,78,100,10.16,RU,2021-08-07 15:06:27,overcast clouds
105,Lata,40.1629,-8.3327,79.03,33,5,12.37,PT,2021-08-07 15:06:27,clear sky
106,Tiksi,71.6872,128.8694,45.59,82,100,4.21,RU,2021-08-07 15:06:28,overcast clouds
107,Caceres,39.522,-6.3748,82.8,20,10,10.27,ES,2021-08-07 15:06:28,clear sky
108,Oktyabrskoye,43.0645,44.7417,84.34,70,40,4.47,RU,2021-08-07 15:06:29,scattered clouds
109,Colotlan,22.1,-103.2667,66.92,75,100,3.29,MX,2021-08-07 15:06:29,overcast clouds
110,Severo-Kurilsk,50.6789,156.125,53.28,86,97,14.29,RU,2021-08-07 15:06:29,overcast clouds
111,Boffa,10.1667,-14.0333,80.96,71,100,7.23,GN,2021-08-07 15:06:30,overcast clouds
112,Kamenka,51.3223,42.7678,87.04,25,78,9.71,RU,2021-08-07 15:06:30,broken clouds
113,Mahebourg,-20.4081,57.7,69.26,69,13,13.56,MU,2021-08-07 15:06:30,few clouds
114,Georgetown,5.4112,100.3354,84.88,79,20,4.61,MY,2021-08-07 15:06:31,few clouds
115,Esperance,-33.8667,121.9,60.55,64,100,19.26,AU,2021-08-07 15:06:31,overcast clouds
116,Ancud,-41.8697,-73.8203,45.43,66,86,4.59,CL,2021-08-07 15:03:01,overcast clouds
117,Beyneu,45.3167,55.2,97.61,12,0,8.79,KZ,2021-08-07 15:06:31,clear sky
118,Saint-Augustin,51.226,-58.6502,78.28,56,58,22.75,CA,2021-08-07 15:06:32,broken clouds
119,Fairbanks,64.8378,-147.7164,58.6,94,90,6.91,US,2021-08-07 15:02:55,light rain
120,Asau,46.4333,26.4,81.39,39,47,3.38,RO,2021-08-07 15:06:32,scattered clouds
121,Tura,25.5198,90.2201,74.88,98,100,5.37,IN,2021-08-07 15:06:33,overcast clouds
122,Kavieng,-2.5744,150.7967,81.99,78,81,15.48,PG,2021-08-07 15:06:33,moderate rain
123,Sorland,67.667,12.6934,73.47,77,66,6.15,NO,2021-08-07 15:06:34,broken clouds
124,Port Alfred,-33.5906,26.891,63.34,73,53,13.91,ZA,2021-08-07 15:06:34,broken clouds
125,Tiznit,29.5833,-9.5,77.0,55,2,12.01,MA,2021-08-07 15:06:34,clear sky
126,Santa Cruz De La Palma,28.6835,-17.7642,77.14,69,75,10.36,ES,2021-08-07 15:06:35,broken clouds
127,Corona,33.8753,-117.5664,87.66,82,1,4.61,US,2021-08-07 15:05:03,haze
128,Caravelas,-17.7125,-39.2481,74.19,66,98,7.23,BR,2021-08-07 15:06:35,heavy intensity rain
129,Isangel,-19.55,169.2667,69.08,77,99,8.25,VU,2021-08-07 15:06:35,overcast clouds
130,Egvekinot,66.3167,-179.1667,37.96,87,61,15.79,RU,2021-08-07 15:06:36,broken clouds
131,Saint-Philippe,-21.3585,55.7679,71.19,75,57,12.95,RE,2021-08-07 15:06:36,broken clouds
132,Kavaratti,10.5669,72.642,82.11,79,100,19.28,IN,2021-08-07 15:06:36,overcast clouds
133,Torbay,47.6666,-52.7314,76.87,80,55,18.9,CA,2021-08-07 15:06:37,broken clouds
134,Vodnyy,63.5046,53.4095,57.61,62,99,7.7,RU,2021-08-07 15:06:37,overcast clouds
135,Portales,34.1862,-103.3344,82.02,46,95,5.99,US,2021-08-07 15:06:38,overcast clouds
136,Methoni,36.8197,21.7049,88.21,60,0,9.78,GR,2021-08-07 15:06:38,clear sky
137,Quimper,48.0,-4.1,66.76,68,75,16.11,FR,2021-08-07 15:06:38,broken clouds
138,Cherskiy,68.75,161.3,50.45,56,100,5.97,RU,2021-08-07 15:06:39,overcast clouds
139,Belomorsk,64.5232,34.7668,62.06,53,0,9.73,RU,2021-08-07 15:06:39,clear sky
140,Haines Junction,60.7522,-137.5108,54.19,92,63,2.08,CA,2021-08-07 15:06:39,broken clouds
141,Longhua,23.6137,114.1919,79.79,95,100,1.12,CN,2021-08-07 15:06:40,overcast clouds
142,Talnakh,69.4865,88.3972,66.34,47,83,5.03,RU,2021-08-07 15:06:40,broken clouds
143,Zhongxing,33.7039,118.6792,75.4,92,0,5.59,CN,2021-08-07 15:06:40,light rain
144,New Norfolk,-42.7826,147.0587,38.71,82,63,2.62,AU,2021-08-07 15:06:41,broken clouds
145,Labuhan,-6.8844,112.2051,79.92,83,19,11.07,ID,2021-08-07 15:06:41,few clouds
146,Chopinzinho,-25.8558,-52.5233,75.42,42,4,9.15,BR,2021-08-07 15:06:41,clear sky
147,Ambon,-3.6954,128.1814,78.58,84,98,10.98,ID,2021-08-07 15:06:42,overcast clouds
148,Tautira,-17.7333,-149.15,71.62,76,42,5.79,PF,2021-08-07 15:06:42,scattered clouds
149,Kapaa,22.0752,-159.319,79.12,76,40,1.01,US,2021-08-07 15:06:43,light rain
150,Coihaique,-45.5752,-72.0662,39.34,90,82,11.88,CL,2021-08-07 15:02:00,light rain
151,Vypolzovo,57.8767,33.6986,69.66,85,100,3.44,RU,2021-08-07 15:06:43,overcast clouds
152,Cinisi,38.1562,13.1073,90.61,45,0,13.8,IT,2021-08-07 15:06:43,clear sky
153,Liuzhou,24.3126,109.3892,85.3,78,99,5.57,CN,2021-08-07 15:03:45,overcast clouds
154,Brindisi,40.5833,17.6667,89.78,29,2,6.29,IT,2021-08-07 15:06:44,clear sky
155,Husavik,66.0449,-17.3389,57.11,62,75,7.54,IS,2021-08-07 15:06:44,light rain
156,Ust-Maya,60.4167,134.5333,53.49,64,5,7.74,RU,2021-08-07 15:06:45,clear sky
157,Yellowknife,62.456,-114.3525,59.2,90,100,12.19,CA,2021-08-07 15:06:45,light rain
158,Dzerzhinsk,56.2389,43.4631,75.02,69,40,6.71,RU,2021-08-07 15:06:45,scattered clouds
159,Mar Del Plata,-38.0023,-57.5575,55.42,100,90,12.66,AR,2021-08-07 15:06:46,mist
160,Ciudad Bolivar,8.1222,-63.5497,85.1,60,44,5.35,VE,2021-08-07 15:06:46,scattered clouds
161,Avarua,-21.2078,-159.775,73.45,88,20,4.61,CK,2021-08-07 15:06:46,few clouds
162,Clyde River,70.4692,-68.5914,37.17,95,100,7.96,CA,2021-08-07 15:06:47,overcast clouds
163,Victoria,22.2855,114.1577,84.33,86,100,1.01,HK,2021-08-07 15:03:01,overcast clouds
164,Darayya,33.459,36.2374,85.33,14,0,17.11,SY,2021-08-07 15:06:47,clear sky
165,Sobolevo,54.4299,31.8996,68.74,70,100,8.66,RU,2021-08-07 15:06:48,overcast clouds
166,Geraldton,-28.7667,114.6,66.61,88,75,19.57,AU,2021-08-07 15:06:48,broken clouds
167,Bengkulu,-3.8004,102.2655,77.7,88,17,3.44,ID,2021-08-07 15:06:48,light rain
168,Honningsvag,70.9821,25.9704,54.32,84,85,2.62,NO,2021-08-07 15:06:49,overcast clouds
169,Hobyo,5.3505,48.5268,77.34,78,97,28.7,SO,2021-08-07 15:06:49,overcast clouds
170,Aitape,-3.1374,142.3475,77.34,83,100,3.8,PG,2021-08-07 15:06:50,overcast clouds
171,Lebu,-37.6167,-73.65,50.65,71,7,16.2,CL,2021-08-07 15:06:50,clear sky
172,Atuona,-9.8,-139.0333,77.23,82,92,19.28,PF,2021-08-07 15:06:50,light rain
173,Whitehorse,60.7161,-135.0538,54.37,94,75,4.61,CA,2021-08-07 15:06:51,broken clouds
174,Maunatlala,-22.597,27.6301,82.24,13,0,4.23,BW,2021-08-07 15:06:51,clear sky
175,Lerwick,60.1545,-1.1494,62.6,92,100,25.61,GB,2021-08-07 15:06:52,overcast clouds
176,Vallenar,-28.5708,-70.7581,57.69,64,7,1.32,CL,2021-08-07 15:06:52,clear sky
177,Shingu,33.7333,135.9833,80.91,84,4,6.24,JP,2021-08-07 15:06:53,clear sky
178,Oranjemund,-28.55,16.4333,63.81,53,23,6.49,NA,2021-08-07 15:06:53,few clouds
179,Saskylakh,71.9167,114.0833,47.73,81,16,7.83,RU,2021-08-07 15:06:53,few clouds
180,Kang,-23.6752,22.7876,80.44,9,2,1.25,BW,2021-08-07 15:06:54,clear sky
181,Biu,10.6129,12.1946,70.56,90,100,7.02,NG,2021-08-07 15:06:54,overcast clouds
182,Hithadhoo,-0.6,73.0833,82.56,67,100,4.25,MV,2021-08-07 15:06:54,moderate rain
183,Nabire,-3.3667,135.4833,75.94,91,100,3.24,ID,2021-08-07 15:06:55,overcast clouds
184,Jawor,51.0513,16.1935,82.6,42,41,7.92,PL,2021-08-07 15:06:55,scattered clouds
185,Glamoc,44.0458,16.8486,79.95,32,4,10.45,BA,2021-08-07 15:06:55,clear sky
186,Lincoln,40.8,-96.667,79.66,77,20,7.0,US,2021-08-07 15:05:54,few clouds
187,Sao Filipe,14.8961,-24.4956,78.39,79,30,5.57,CV,2021-08-07 15:06:56,scattered clouds
188,Tonota,-21.4833,27.4833,80.92,14,0,9.66,BW,2021-08-07 15:06:56,clear sky
189,Puqi,29.7167,113.8833,79.05,92,22,1.77,CN,2021-08-07 15:06:57,few clouds
190,Shediac,46.2198,-64.5411,78.19,58,94,10.76,CA,2021-08-07 15:06:57,overcast clouds
191,Birao,10.2849,22.7882,76.28,83,100,7.63,CF,2021-08-07 15:06:57,overcast clouds
192,Marsa Matruh,31.3525,27.2453,83.23,68,0,18.97,EG,2021-08-07 15:06:58,clear sky
193,Dingle,10.9995,122.6711,77.38,88,19,4.83,PH,2021-08-07 15:06:58,light rain
194,Camargo,27.6667,-105.1667,79.03,50,42,10.4,MX,2021-08-07 15:06:59,scattered clouds
195,Mackay,-21.15,149.2,59.04,77,1,7.94,AU,2021-08-07 15:06:59,clear sky
196,Telfs,47.3,11.0667,81.18,64,95,1.86,AT,2021-08-07 15:06:59,overcast clouds
197,Lompoc,34.6391,-120.4579,64.92,92,90,3.44,US,2021-08-07 15:07:00,overcast clouds
198,Sitka,57.0531,-135.33,57.09,94,90,0.0,US,2021-08-07 15:03:06,light rain
199,Cochabamba,-17.3895,-66.1568,66.2,33,1,1.99,BO,2021-08-07 15:02:46,clear sky
200,Fortuna,40.5982,-124.1573,60.85,76,90,0.0,US,2021-08-07 15:07:00,overcast clouds
201,Tyrma,50.0833,132.1667,54.57,89,100,4.9,RU,2021-08-07 15:07:01,moderate rain
202,Antalaha,-14.9003,50.2788,69.53,87,71,7.99,MG,2021-08-07 15:07:01,light rain
203,Klaksvik,62.2266,-6.589,67.12,89,100,20.38,FO,2021-08-07 15:07:02,overcast clouds
204,Dole,47.0833,5.5,66.11,88,90,11.5,FR,2021-08-07 15:07:02,overcast clouds
205,Lagos,6.5833,3.75,81.1,80,81,8.93,NG,2021-08-07 15:02:05,moderate rain
206,Roebourne,-20.7833,117.1333,71.55,62,98,5.66,AU,2021-08-07 15:07:03,light rain
207,Anchorage,61.2181,-149.9003,57.97,91,90,3.44,US,2021-08-07 15:06:12,overcast clouds
208,Pasinler,39.9803,41.6764,67.19,46,46,6.26,TR,2021-08-07 15:07:03,scattered clouds
209,Avera,33.194,-82.5271,80.47,71,99,2.89,US,2021-08-07 15:07:04,overcast clouds
210,Baykit,61.67,96.37,60.28,62,13,3.71,RU,2021-08-07 15:07:04,few clouds
211,Dauphin,51.1494,-100.0502,78.13,32,69,7.96,CA,2021-08-07 15:07:04,broken clouds
212,Georgiyevka,43.0369,74.7114,84.24,26,0,11.18,KZ,2021-08-07 15:07:05,clear sky
213,Upernavik,72.7868,-56.1549,41.09,93,100,9.4,GL,2021-08-07 15:07:05,overcast clouds
214,Kahului,20.8947,-156.47,73.42,75,1,12.66,US,2021-08-07 15:07:05,clear sky
215,Mascote,-15.5631,-39.3025,80.24,39,35,6.6,BR,2021-08-07 15:07:06,scattered clouds
216,Faanui,-16.4833,-151.75,77.9,69,94,9.24,PF,2021-08-07 15:07:06,overcast clouds
217,Kangaatsiaq,68.3065,-53.4641,41.34,89,100,8.75,GL,2021-08-07 15:07:07,overcast clouds
218,Moron,-34.6534,-58.6198,74.01,68,12,5.01,AR,2021-08-07 15:07:07,few clouds
219,Padang,-0.9492,100.3543,77.05,85,18,3.56,ID,2021-08-07 15:07:07,few clouds
220,Bystryy Istok,52.371,84.3873,65.93,67,82,4.32,RU,2021-08-07 15:07:08,broken clouds
221,Winnemucca,40.973,-117.7357,69.12,24,1,3.44,US,2021-08-07 15:07:08,clear sky
222,Sanary-Sur-Mer,43.1178,5.8001,89.38,65,86,4.0,FR,2021-08-07 15:07:08,overcast clouds
223,Alyangula,-13.8483,136.4192,68.13,67,97,8.63,AU,2021-08-07 15:07:09,overcast clouds
224,Pucallpa,-8.3791,-74.5539,88.05,33,1,0.6,PE,2021-08-07 15:02:42,clear sky
225,Iwanai,42.9744,140.5089,73.13,96,100,5.97,JP,2021-08-07 15:07:09,overcast clouds
226,Kozulka,50.0351,23.797,75.49,61,87,4.94,UA,2021-08-07 15:07:10,overcast clouds
227,Chapais,49.7834,-74.8492,58.41,51,28,7.92,CA,2021-08-07 15:07:10,scattered clouds
228,Smithers,54.7804,-127.1743,52.77,79,73,2.04,CA,2021-08-07 15:07:10,broken clouds
229,Pacific Grove,36.6177,-121.9166,64.42,92,75,1.01,US,2021-08-07 15:07:11,broken clouds
230,Trinidad,-14.8333,-64.9,90.23,27,2,4.92,BO,2021-08-07 15:07:11,clear sky
231,Hasaki,35.7333,140.8333,79.2,90,100,9.44,JP,2021-08-07 15:07:12,light rain
232,Trairi,-3.2778,-39.2689,90.61,39,59,15.28,BR,2021-08-07 15:06:23,broken clouds
233,Garissa,-0.4536,39.6401,84.45,43,70,21.52,KE,2021-08-07 15:07:12,broken clouds
234,Balkanabat,39.5108,54.3671,104.85,10,0,12.3,TM,2021-08-07 15:07:13,clear sky
235,Wuda,39.4994,106.7117,85.55,18,100,27.34,CN,2021-08-07 15:07:13,light rain
236,Kashi,39.4547,75.9797,79.27,31,53,25.88,CN,2021-08-07 15:07:13,broken clouds
237,Caiaponia,-16.9567,-51.8103,83.34,26,84,8.57,BR,2021-08-07 15:07:14,broken clouds
238,Maceio,-9.6658,-35.7353,80.04,65,75,14.97,BR,2021-08-07 15:07:14,broken clouds
239,Akyab,20.15,92.9,80.83,87,80,6.29,MM,2021-08-07 15:07:15,broken clouds
240,Seguela,7.9611,-6.6731,90.18,36,62,7.67,CI,2021-08-07 15:07:15,broken clouds
241,Nizhniy Baskunchak,48.2198,46.8311,97.54,16,0,14.5,RU,2021-08-07 15:07:15,clear sky
242,Banyo,6.75,11.8167,69.75,89,100,3.49,CM,2021-08-07 15:07:16,light rain
243,Jumla,29.2747,82.1838,63.86,96,84,1.57,NP,2021-08-07 15:07:16,broken clouds
244,Bourges,47.25,2.4167,71.19,45,76,20.31,FR,2021-08-07 15:02:44,broken clouds
245,Touros,-5.1989,-35.4608,85.1,53,50,22.64,BR,2021-08-07 15:07:17,scattered clouds
246,West Bay,19.3667,-81.4167,89.06,71,20,5.01,KY,2021-08-07 15:07:17,few clouds
247,San Patricio,28.017,-97.5169,89.46,64,3,9.95,US,2021-08-07 15:07:17,clear sky
248,Hirara,24.8,125.2833,81.86,89,100,26.51,JP,2021-08-07 15:07:18,very heavy rain
249,Atocha,-20.9333,-66.2333,50.38,10,9,8.66,BO,2021-08-07 15:07:18,clear sky
250,Akhmeta,42.0311,45.2075,88.32,27,42,5.01,GE,2021-08-07 15:07:19,scattered clouds
251,Apatou,5.155,-54.3472,83.55,74,99,3.02,GF,2021-08-07 15:07:19,overcast clouds
252,Port Macquarie,-31.4333,152.9167,48.16,100,11,1.14,AU,2021-08-07 15:07:19,few clouds
253,Norman Wells,65.282,-126.8329,42.66,89,100,7.27,CA,2021-08-07 15:07:20,overcast clouds
254,Mogadishu,2.0371,45.3438,76.59,82,28,18.72,SO,2021-08-07 15:07:20,light rain
255,Bethel,41.3712,-73.414,84.18,72,1,10.36,US,2021-08-07 15:06:32,clear sky
256,Bow Island,49.8668,-111.3684,77.11,37,80,19.08,CA,2021-08-07 15:07:21,broken clouds
257,Shakhovskaya,56.0283,35.5097,72.52,82,100,8.21,RU,2021-08-07 15:07:21,overcast clouds
258,Taiyuan,37.8694,112.5603,78.66,53,0,11.18,CN,2021-08-07 15:07:22,clear sky
259,Carmen,18.6333,-91.8333,82.44,83,40,11.5,MX,2021-08-07 15:03:33,scattered clouds
260,Eyl,7.9803,49.8164,78.48,71,91,26.78,SO,2021-08-07 15:07:23,overcast clouds
261,West Odessa,31.8424,-102.4988,78.28,75,75,16.11,US,2021-08-07 15:05:22,broken clouds
262,Atar,20.5169,-13.0499,98.65,33,6,13.91,MR,2021-08-07 15:07:23,clear sky
263,Laguna,38.421,-121.4238,79.3,65,1,1.99,US,2021-08-07 15:04:55,haze
264,San Carlos De Bariloche,-41.1456,-71.3082,38.95,60,40,21.85,AR,2021-08-07 15:07:23,scattered clouds
265,Lazaro Cardenas,17.9583,-102.2,80.82,81,89,4.85,MX,2021-08-07 15:07:24,overcast clouds
266,Tricase,39.9304,18.3553,89.31,45,4,2.35,IT,2021-08-07 15:07:24,clear sky
267,Taoyuan,32.2972,120.6167,74.73,86,60,5.53,CN,2021-08-07 15:07:24,broken clouds
268,Klang,3.0333,101.45,82.53,86,98,4.41,MY,2021-08-07 15:07:25,overcast clouds
269,Anderson,34.5334,-82.6499,84.16,74,40,1.99,US,2021-08-07 15:03:29,scattered clouds
270,Trincomalee,8.5711,81.2335,82.98,74,90,16.06,LK,2021-08-07 15:07:25,overcast clouds
271,San Quintin,30.4833,-115.95,68.22,82,25,2.75,MX,2021-08-07 15:07:26,scattered clouds
272,Saint George,37.1041,-113.5841,75.67,18,1,3.44,US,2021-08-07 15:02:29,clear sky
273,Nanakuli,21.3906,-158.1547,76.95,66,1,4.61,US,2021-08-07 15:07:26,clear sky
274,Benguela,-12.5763,13.4055,76.39,71,23,8.01,AO,2021-08-07 15:07:27,few clouds
275,Kalabo,-14.97,22.6814,86.81,8,0,7.43,ZM,2021-08-07 15:07:27,clear sky
276,Izazi,-7.2,35.7333,82.0,36,81,10.94,TZ,2021-08-07 15:07:27,broken clouds
277,Codo,-4.4553,-43.8856,92.32,32,5,7.9,BR,2021-08-07 15:07:28,clear sky
278,Oksbol,55.6268,8.2876,66.9,72,30,12.59,DK,2021-08-07 15:07:28,scattered clouds
279,Luderitz,-26.6481,15.1594,66.27,47,2,4.72,NA,2021-08-07 15:07:29,clear sky
280,Ocampo,21.65,-101.5,61.77,74,62,6.67,MX,2021-08-07 15:07:29,broken clouds
281,Talara,-4.5772,-81.2719,66.96,72,90,21.85,PE,2021-08-07 15:07:29,overcast clouds
282,Navalmoral De La Mata,39.8916,-5.5406,86.95,16,13,15.93,ES,2021-08-07 15:07:29,few clouds
283,Jacareacanga,-6.2222,-57.7528,95.83,23,4,3.8,BR,2021-08-07 15:07:30,clear sky
284,Sistranda,63.7256,8.834,73.36,52,100,24.4,NO,2021-08-07 15:07:30,overcast clouds
285,Takaka,-40.85,172.8,47.55,82,30,6.13,NZ,2021-08-07 15:07:31,scattered clouds
286,Muros,42.7762,-9.0603,73.99,73,2,11.39,ES,2021-08-07 15:07:31,clear sky
287,Kochubey,44.3861,46.5825,90.48,42,0,23.78,RU,2021-08-07 15:07:31,clear sky
288,West Wendover,40.7391,-114.0733,65.41,42,1,9.22,US,2021-08-07 15:07:32,clear sky
289,Saint-Joseph,-21.3667,55.6167,70.18,75,63,10.67,RE,2021-08-07 15:07:32,broken clouds
290,Evensk,61.95,159.2333,55.31,86,100,13.4,RU,2021-08-07 15:07:32,overcast clouds
291,Pasighat,28.0667,95.3333,79.7,96,72,1.39,IN,2021-08-07 15:07:33,broken clouds
292,Rundu,-17.9333,19.7667,84.94,8,0,9.89,NA,2021-08-07 15:07:33,clear sky
293,Turukhansk,65.8167,87.9833,67.44,57,62,5.86,RU,2021-08-07 15:07:33,broken clouds
294,Chumikan,54.7183,135.315,51.37,92,99,17.83,RU,2021-08-07 15:07:34,overcast clouds
295,Cairns,-16.9167,145.7667,67.1,94,90,10.36,AU,2021-08-07 15:07:34,light intensity shower rain
296,Ust-Kishert,57.3654,57.2495,62.44,61,53,9.4,RU,2021-08-07 15:07:34,broken clouds
297,Anadyr,64.75,177.4833,37.9,93,0,2.24,RU,2021-08-07 15:07:35,clear sky
298,Kaspiysk,42.8816,47.6392,86.18,62,0,15.66,RU,2021-08-07 15:07:35,clear sky
299,Konstantinovo,54.6628,29.2699,61.25,79,100,10.87,BY,2021-08-07 15:07:35,overcast clouds
300,Nanortalik,60.1432,-45.2371,48.31,77,100,16.55,GL,2021-08-07 15:07:36,overcast clouds
301,Vao,-22.6667,167.4833,67.51,61,100,9.37,NC,2021-08-07 15:07:36,overcast clouds
302,Erzin,36.9559,36.2,90.32,61,1,8.79,TR,2021-08-07 15:07:36,clear sky
303,Piedras Negras,28.7,-100.5167,82.27,80,75,9.22,MX,2021-08-07 15:07:37,broken clouds
304,Nouadhibou,20.931,-17.0347,69.08,90,0,11.45,MR,2021-08-07 15:07:37,clear sky
305,Noumea,-22.2763,166.4572,58.98,70,100,4.36,NC,2021-08-07 15:07:30,overcast clouds
306,Yinchuan,38.4681,106.2731,79.21,40,100,3.51,CN,2021-08-07 15:07:38,moderate rain
307,Basugaon,26.4667,90.4,80.83,86,98,0.98,IN,2021-08-07 15:07:38,overcast clouds
308,Rawson,-43.3002,-65.1023,51.35,32,0,28.97,AR,2021-08-07 15:07:38,clear sky
309,Chimbote,-9.0853,-78.5783,66.2,78,92,8.32,PE,2021-08-07 15:07:39,overcast clouds
310,Urengoy,65.9667,78.3667,69.28,53,3,5.99,RU,2021-08-07 15:07:39,clear sky
311,Port Hardy,50.6996,-127.4199,57.38,100,90,4.61,CA,2021-08-07 15:03:23,light rain
312,Nhlangano,-27.1167,31.2,64.89,38,2,9.48,SZ,2021-08-07 15:07:40,clear sky
313,Alta Floresta,-9.8756,-56.0861,93.96,20,30,6.93,BR,2021-08-07 15:07:40,scattered clouds
314,Hukuntsi,-24.0,21.75,80.98,9,7,2.06,BW,2021-08-07 15:07:40,clear sky
315,Cabedelo,-6.9811,-34.8339,84.87,74,98,21.0,BR,2021-08-07 15:07:41,overcast clouds
316,Ambilobe,-13.2,49.05,72.99,75,44,4.09,MG,2021-08-07 15:07:41,light rain
317,San Luis,-33.295,-66.3356,64.81,34,0,12.41,AR,2021-08-07 15:07:41,clear sky
318,Sucre,-19.0333,-65.2627,61.38,28,1,3.22,BO,2021-08-07 15:07:42,clear sky
319,Korla,41.7597,86.1469,84.51,27,6,7.92,CN,2021-08-07 15:07:42,clear sky
320,Marawi,7.9986,124.2928,70.65,92,93,1.66,PH,2021-08-07 15:07:42,light rain
321,Katghora,22.5,82.55,81.19,79,98,2.39,IN,2021-08-07 15:07:43,overcast clouds
322,Merauke,-8.4667,140.3333,74.03,80,84,12.97,ID,2021-08-07 15:07:43,broken clouds
323,Skjervoy,70.0311,20.9714,55.29,81,57,3.38,NO,2021-08-07 15:07:43,broken clouds
324,Ust-Tsilma,65.441,52.1498,58.21,64,100,4.72,RU,2021-08-07 15:07:44,overcast clouds
325,Ternate,0.8,127.4,78.24,86,100,8.95,ID,2021-08-07 15:07:44,light rain
326,Hayden,47.766,-116.7866,69.96,63,1,8.05,US,2021-08-07 15:05:11,clear sky
327,Sokoni,-6.4333,39.55,75.87,74,64,12.33,TZ,2021-08-07 15:07:45,broken clouds
328,Bollnas,61.3482,16.3946,69.13,68,99,12.5,SE,2021-08-07 15:07:45,overcast clouds
329,Bubaque,11.2833,-15.8333,80.26,74,52,13.11,GW,2021-08-07 15:07:46,broken clouds
330,Almirante Tamandare,-25.3247,-49.31,65.62,56,97,4.21,BR,2021-08-07 15:07:46,overcast clouds
331,Souillac,-20.5167,57.5167,69.37,72,12,12.3,MU,2021-08-07 15:07:46,few clouds
332,Marienburg,54.0359,19.0266,76.87,53,72,3.06,PL,2021-08-07 15:07:47,broken clouds
333,Humaita,-7.5061,-63.0208,97.66,20,0,3.27,BR,2021-08-07 15:07:47,clear sky
334,Takoradi,4.8845,-1.7554,80.89,69,92,15.1,GH,2021-08-07 15:07:47,overcast clouds
335,Kandalaksha,67.162,32.4123,64.72,59,31,4.59,RU,2021-08-07 15:07:48,scattered clouds
336,Sur,22.5667,59.5289,92.89,52,100,10.69,OM,2021-08-07 15:07:48,overcast clouds
337,Karabulak,43.3036,44.8964,91.96,33,3,1.63,RU,2021-08-07 15:07:48,clear sky
338,San Cristobal,7.7669,-72.225,80.78,48,68,5.84,VE,2021-08-07 15:07:49,broken clouds
339,Manuk Mangkaw,4.8,119.85,84.56,74,100,10.76,PH,2021-08-07 15:07:49,overcast clouds
340,San Carlos,9.6612,-68.5827,84.63,62,14,3.8,VE,2021-08-07 15:07:49,few clouds
341,Awjilah,29.1081,21.2869,106.84,11,0,17.6,LY,2021-08-07 15:03:11,clear sky
342,Aripuana,-9.1667,-60.6333,94.96,23,0,2.42,BR,2021-08-07 15:07:50,clear sky
343,Tiszaalpar,46.8128,19.9984,89.19,51,13,8.59,HU,2021-08-07 15:07:50,few clouds
344,Sabla,12.7525,4.7077,92.95,45,49,11.3,NG,2021-08-07 15:07:51,scattered clouds
345,Yulara,-25.2406,130.9889,51.64,40,0,8.05,AU,2021-08-07 15:07:51,clear sky
346,High Prairie,55.4334,-116.4858,54.52,76,92,11.61,CA,2021-08-07 15:05:00,overcast clouds
347,Udachnyy,66.4167,112.4,59.61,63,100,7.23,RU,2021-08-07 15:07:52,overcast clouds
348,Narsaq,60.9167,-46.05,53.82,69,100,0.67,GL,2021-08-07 15:07:52,overcast clouds
349,Porto Torres,40.835,8.3972,96.98,46,0,3.47,IT,2021-08-07 15:07:52,clear sky
350,Vestmanna,62.1564,-7.1664,65.32,52,40,20.71,FO,2021-08-07 15:07:53,scattered clouds
351,Yar-Sale,66.8333,70.8333,69.71,67,9,1.19,RU,2021-08-07 15:07:53,clear sky
352,Raychikhinsk,49.7838,129.4121,62.8,98,49,12.03,RU,2021-08-07 15:07:53,scattered clouds
353,Srednekolymsk,67.45,153.6833,43.09,73,91,6.85,RU,2021-08-07 15:07:54,overcast clouds
354,Lavrentiya,65.5833,-171.0,42.44,87,100,15.01,RU,2021-08-07 15:07:54,overcast clouds
355,Aklavik,68.2191,-135.0107,41.0,100,90,11.5,CA,2021-08-07 15:07:55,overcast clouds
356,Ayan,56.45,138.1667,51.93,77,4,5.95,RU,2021-08-07 15:07:55,clear sky
357,Saint Peter,13.25,-59.6167,84.76,68,51,13.0,BB,2021-08-07 15:05:26,broken clouds
358,Emerald,-23.5333,148.1667,52.25,49,0,11.25,AU,2021-08-07 15:07:55,clear sky
359,Weihe,32.9952,105.3247,64.89,96,46,1.83,CN,2021-08-07 15:07:56,moderate rain
360,Ode,7.7899,5.7117,71.37,94,100,4.38,NG,2021-08-07 15:07:56,light rain
361,Fukue,32.6881,128.8419,82.38,83,95,9.22,JP,2021-08-07 15:07:56,overcast clouds
362,Nola,40.922,14.5329,94.64,33,0,7.25,IT,2021-08-07 15:07:57,clear sky
363,Mandawar,29.5,78.1333,85.59,68,47,5.93,IN,2021-08-07 15:07:57,scattered clouds
364,Axim,4.8699,-2.2405,79.97,72,99,13.33,GH,2021-08-07 15:07:57,overcast clouds
365,Potchefstroom,-26.7167,27.1,70.38,10,0,5.75,ZA,2021-08-07 15:07:58,clear sky
366,Mortka,59.3322,66.0214,60.22,99,100,5.14,RU,2021-08-07 15:07:58,moderate rain
367,Alexandria,31.2156,29.9553,83.95,68,0,16.8,EG,2021-08-07 15:07:52,clear sky
368,Kawalu,-7.3817,108.2082,72.63,98,22,1.19,ID,2021-08-07 15:07:59,few clouds
369,Rincon,32.296,-81.2354,82.85,87,75,5.75,US,2021-08-07 15:07:59,broken clouds
370,Tommot,58.9564,126.2925,60.21,94,79,3.49,RU,2021-08-07 15:08:00,broken clouds
371,Mazyr,52.0495,29.2456,64.94,70,87,11.01,BY,2021-08-07 15:08:00,overcast clouds
372,Bandarbeyla,9.4942,50.8122,76.39,81,5,29.66,SO,2021-08-07 15:08:00,clear sky
373,Ilulissat,69.2167,-51.1,48.22,61,75,3.44,GL,2021-08-07 15:08:01,broken clouds
374,Merritt,50.1123,-120.7942,60.46,81,100,4.36,CA,2021-08-07 15:08:01,overcast clouds
375,Denpasar,-8.65,115.2167,80.26,89,40,11.5,ID,2021-08-07 15:05:08,scattered clouds
376,Maunabo,18.0072,-65.8993,89.65,76,5,11.3,PR,2021-08-07 15:08:02,clear sky
377,Sola,-13.8833,167.55,78.55,77,76,18.77,VU,2021-08-07 15:08:02,broken clouds
378,Cayenne,4.9333,-52.3333,87.84,76,75,5.01,GF,2021-08-07 15:08:02,broken clouds
379,Poum,-20.2333,164.0167,70.07,69,80,10.89,NC,2021-08-07 15:08:03,broken clouds
380,Pemangkat,1.1667,108.9667,81.95,80,96,4.76,ID,2021-08-07 15:08:03,heavy intensity rain
381,Alice Springs,-23.7,133.8833,40.55,48,0,3.44,AU,2021-08-07 15:08:03,clear sky
382,Odweyne,9.4092,45.064,87.44,30,38,17.67,SO,2021-08-07 15:08:04,scattered clouds
383,Agadir,30.4202,-9.5982,79.25,56,10,11.25,MA,2021-08-07 15:08:04,clear sky
384,Alofi,-19.0595,-169.9187,74.26,73,21,14.34,NU,2021-08-07 15:08:04,few clouds
385,Longuenesse,50.734,2.2352,67.48,70,77,20.47,FR,2021-08-07 15:08:05,broken clouds
386,Agirish,61.9247,63.0231,61.03,99,100,8.61,RU,2021-08-07 15:08:05,moderate rain
387,Upata,8.0086,-62.3989,83.19,71,44,2.19,VE,2021-08-07 15:08:06,scattered clouds
388,Svetlyy,54.675,20.1347,69.85,61,0,7.02,RU,2021-08-07 15:08:06,clear sky
389,Puerto Colombia,10.9878,-74.9547,86.09,67,59,5.73,CO,2021-08-07 15:08:06,broken clouds
390,North Bend,43.4065,-124.2243,64.94,100,90,3.44,US,2021-08-07 15:05:09,overcast clouds
391,Lyngseidet,69.5763,20.2189,69.89,66,82,2.86,NO,2021-08-07 15:08:07,broken clouds
392,Tarogong,-7.1902,107.8874,69.58,95,25,2.26,ID,2021-08-07 15:08:07,scattered clouds
393,Codrington,-38.2667,141.9667,47.66,83,90,5.59,AU,2021-08-07 15:08:07,overcast clouds
394,Vila Franca Do Campo,37.7167,-25.4333,75.61,59,98,11.61,PT,2021-08-07 15:08:08,overcast clouds
395,Verkh-Usugli,52.7,115.1667,56.62,98,100,2.73,RU,2021-08-07 15:08:08,moderate rain
396,Leua,48.2156,18.6071,86.5,35,74,8.72,SK,2021-08-07 15:08:08,broken clouds
397,Gorele,41.0308,39.0031,81.84,69,76,8.16,TR,2021-08-07 15:08:09,broken clouds
398,Sarh,9.1429,18.3923,79.43,84,91,6.87,TD,2021-08-07 15:08:09,light rain
399,Dvorichna,49.8496,37.6857,88.81,30,100,7.83,UA,2021-08-07 15:08:10,overcast clouds
400,Helong,42.5397,128.9972,63.79,94,61,3.87,CN,2021-08-07 15:08:10,broken clouds
401,Chany,55.3121,76.7647,63.57,82,98,5.91,RU,2021-08-07 15:08:10,overcast clouds
402,Mumbwa,-14.9783,27.0619,80.71,17,0,7.94,ZM,2021-08-07 15:08:11,clear sky
403,Pueblo Nuevo,23.3833,-105.3833,63.23,79,99,1.68,MX,2021-08-07 15:08:11,overcast clouds
404,Tres Picos,15.8667,-93.5333,79.93,82,99,1.77,MX,2021-08-07 15:08:11,overcast clouds
405,Mindelo,16.8901,-24.9804,75.52,76,95,15.88,CV,2021-08-07 15:08:12,overcast clouds
406,Nauta,-4.5061,-73.5757,90.14,42,0,2.28,PE,2021-08-07 15:08:12,clear sky
407,Aleppo,36.25,37.5,95.65,21,0,23.35,SY,2021-08-07 15:08:12,clear sky
408,Polyarnyy,69.1989,33.4478,72.07,49,10,6.58,RU,2021-08-07 15:08:13,clear sky
409,Benito Juarez,19.385,-99.165,62.94,77,90,5.75,MX,2021-08-07 15:08:13,overcast clouds
410,Saint-Georges,12.0564,-61.7485,85.68,70,40,14.97,GD,2021-08-07 15:08:14,scattered clouds
411,Alepe,5.5004,-3.6631,82.27,61,100,7.11,CI,2021-08-07 15:08:14,overcast clouds
412,Harper,4.375,-7.7169,80.76,68,77,9.8,LR,2021-08-07 15:08:14,broken clouds
413,Necochea,-38.5473,-58.7368,59.04,60,100,11.01,AR,2021-08-07 15:08:15,overcast clouds
414,Ouesso,1.6136,16.0517,76.71,83,95,2.35,CG,2021-08-07 15:08:15,overcast clouds
415,Naze,28.3667,129.4833,79.83,84,100,11.79,JP,2021-08-07 15:08:16,light rain
416,Muisne,0.6,-80.0333,76.33,77,100,9.62,EC,2021-08-07 15:08:16,overcast clouds
417,Bosaso,11.2842,49.1816,91.72,45,8,0.54,SO,2021-08-07 15:08:16,clear sky
418,Lorengau,-2.0226,147.2712,79.56,80,46,6.78,PG,2021-08-07 15:08:17,moderate rain
419,Holden,42.3518,-71.8634,84.6,71,1,1.01,US,2021-08-07 15:08:17,clear sky
420,Jiwani,25.05,61.7417,81.68,84,99,15.5,PK,2021-08-07 15:08:18,overcast clouds
421,Kunzelsau,49.2819,9.6889,63.64,88,75,5.75,DE,2021-08-07 15:08:18,moderate rain
422,Timizart,36.8,4.2667,95.31,26,11,8.28,DZ,2021-08-07 15:08:18,few clouds
423,Deputatskiy,69.3,139.9,44.4,81,22,2.13,RU,2021-08-07 15:08:19,few clouds
424,Nhamunda,-2.1861,-56.7131,93.54,40,17,4.03,BR,2021-08-07 15:08:19,few clouds
425,Komsomolskiy,40.4272,71.7189,92.12,24,74,6.91,UZ,2021-08-07 15:08:19,broken clouds
426,Bonthe,7.5264,-12.505,82.96,58,100,9.55,SL,2021-08-07 15:08:20,overcast clouds
427,Luangwa,-15.6167,30.4167,83.91,26,0,5.61,ZM,2021-08-07 15:08:20,clear sky
428,Forest Grove,45.5198,-123.1107,67.95,77,90,1.99,US,2021-08-07 15:08:21,overcast clouds
429,De-Kastri,51.4667,140.7833,53.83,85,100,12.53,RU,2021-08-07 15:08:21,overcast clouds
430,Fare,-16.7,-151.0167,77.81,71,67,8.41,PF,2021-08-07 15:08:21,broken clouds
431,Srikakulam,18.3,83.9,84.11,77,100,11.86,IN,2021-08-07 15:08:22,overcast clouds
432,Shitkino,56.3703,98.3543,65.26,58,59,1.7,RU,2021-08-07 15:08:22,broken clouds
433,Dano,11.15,-3.0667,85.51,59,91,9.64,BF,2021-08-07 15:08:22,overcast clouds
434,Walvis Bay,-22.9575,14.5053,59.09,46,1,11.52,NA,2021-08-07 15:08:24,clear sky
435,Chitungwiza,-18.0127,31.0756,75.45,13,0,10.78,ZW,2021-08-07 15:08:24,clear sky
436,Nazret,8.55,39.2667,69.6,69,92,4.59,ET,2021-08-07 15:08:24,light rain
437,Hofn,64.2539,-15.2082,54.59,88,100,9.4,IS,2021-08-07 15:08:25,heavy intensity rain
438,Madinat Sittah Uktubar,29.8167,31.05,100.0,14,0,19.37,EG,2021-08-07 15:08:25,clear sky
439,Nizhniy Lomov,53.5304,43.6766,80.58,43,4,7.76,RU,2021-08-07 15:08:25,clear sky
440,Buerarema,-14.9594,-39.2997,76.19,48,76,7.78,BR,2021-08-07 15:08:26,broken clouds
441,Faya,18.3851,42.4509,70.32,58,72,10.27,SA,2021-08-07 15:08:26,broken clouds
442,Preobrazheniye,42.9019,133.9064,69.28,96,51,12.64,RU,2021-08-07 15:08:26,broken clouds
443,Blackpool,53.8167,-3.05,64.89,77,20,16.11,GB,2021-08-07 15:08:27,few clouds
444,Mwinilunga,-11.7358,24.4293,82.53,12,1,7.76,ZM,2021-08-07 15:08:27,clear sky
445,Lumby,50.2498,-118.969,65.41,54,42,1.05,CA,2021-08-07 15:08:27,scattered clouds
446,Ormara,25.2088,64.6357,80.69,82,80,11.72,PK,2021-08-07 15:08:28,broken clouds
447,Fergus Falls,46.283,-96.0776,71.58,82,40,3.0,US,2021-08-07 15:08:28,scattered clouds
448,Ugoofaaru,5.6667,73.0,83.3,79,100,16.02,MV,2021-08-07 15:08:28,overcast clouds
449,Aloleng,16.1307,119.7824,82.02,85,99,16.35,PH,2021-08-07 15:08:29,overcast clouds
450,Warrington,53.3925,-2.5802,64.98,91,75,1.01,GB,2021-08-07 15:08:29,light rain
451,Skibbereen,51.55,-9.2667,62.4,71,16,24.81,IE,2021-08-07 15:08:29,few clouds
452,Atambua,-9.1061,124.8925,68.29,77,43,5.84,ID,2021-08-07 15:08:30,scattered clouds
453,Krasnoselkup,65.7,82.4667,70.38,56,17,6.46,RU,2021-08-07 15:08:30,few clouds
454,Uglegorsk,49.0833,142.0333,57.42,67,100,6.87,RU,2021-08-07 15:08:30,overcast clouds
455,Guerrero Negro,27.9769,-114.0611,72.93,75,3,6.93,MX,2021-08-07 15:08:31,clear sky
456,Bestobe,52.4994,73.0975,68.11,68,91,9.08,KZ,2021-08-07 15:08:31,moderate rain
457,Kudahuvadhoo,2.6708,72.8944,82.11,77,100,14.36,MV,2021-08-07 15:08:32,light rain
458,Gilgit,35.9221,74.3087,85.91,37,3,5.35,PK,2021-08-07 15:06:14,clear sky
459,San Pedro De Tutule,14.25,-87.85,69.1,63,92,4.25,HN,2021-08-07 15:08:32,overcast clouds
460,Ciudad Guayana,8.3533,-62.6528,86.52,69,47,2.66,VE,2021-08-07 15:08:32,scattered clouds
461,Coahuayana,18.7333,-103.6833,80.08,72,79,2.33,MX,2021-08-07 15:08:33,broken clouds
462,Mbeya,-8.9,33.45,69.39,44,47,6.67,TZ,2021-08-07 15:08:33,scattered clouds
463,Savannah Bight,16.45,-85.85,86.0,77,85,19.28,HN,2021-08-07 15:08:33,overcast clouds
464,Baracoa,20.3467,-74.4958,85.35,69,41,8.14,CU,2021-08-07 15:08:34,scattered clouds
465,Kupang,-10.1667,123.5833,75.83,67,11,13.13,ID,2021-08-07 15:08:34,few clouds
466,Zmeinogorsk,51.1567,82.195,63.66,60,10,6.58,RU,2021-08-07 15:08:35,clear sky
467,Manzhouli,49.6,117.4333,66.18,67,75,11.54,CN,2021-08-07 15:08:35,broken clouds
468,Buala,-8.145,159.5921,78.67,77,98,2.53,SB,2021-08-07 15:08:35,overcast clouds
469,Katherine,-14.4667,132.2667,61.12,36,73,5.75,AU,2021-08-07 15:08:36,broken clouds
470,Gradignan,44.7726,-0.6139,73.35,62,75,7.0,FR,2021-08-07 15:08:36,broken clouds
471,Svirstroy,60.7999,33.7248,59.61,97,100,13.56,RU,2021-08-07 15:08:36,overcast clouds
472,Nemuro,43.3236,145.575,69.13,96,2,5.75,JP,2021-08-07 15:08:37,clear sky
473,Naryan-Mar,67.6713,53.087,53.37,67,100,9.57,RU,2021-08-07 15:08:37,overcast clouds
474,Chirilagua,13.2203,-88.1386,82.15,60,42,3.36,SV,2021-08-07 15:08:37,scattered clouds
475,Cogoleto,44.3893,8.6429,85.59,89,40,17.27,IT,2021-08-07 15:08:38,scattered clouds
476,Ossora,59.2353,163.0719,54.19,68,100,6.02,RU,2021-08-07 15:08:38,overcast clouds
477,Roela,59.1667,26.5926,60.13,99,100,5.66,EE,2021-08-07 15:08:38,overcast clouds
478,Norrtalje,59.758,18.705,62.02,97,100,12.84,SE,2021-08-07 15:08:39,light rain
479,Port Blair,11.6667,92.75,82.53,82,99,15.7,IN,2021-08-07 15:08:39,overcast clouds
480,Bulgan,48.8125,103.5347,55.22,80,100,6.71,MN,2021-08-07 15:08:39,overcast clouds
481,Vestmannaeyjar,63.4427,-20.2734,56.39,82,75,9.22,IS,2021-08-07 15:08:40,broken clouds
482,Kyra,49.5776,111.9753,55.53,92,53,3.51,RU,2021-08-07 15:08:40,broken clouds
483,Zavyalovo,54.5053,82.4484,67.82,87,27,5.79,RU,2021-08-07 15:08:40,scattered clouds
484,Catamarca,-28.4696,-65.7852,79.59,49,11,5.99,AR,2021-08-07 15:08:41,few clouds
485,Porangatu,-13.4408,-49.1486,86.16,29,100,8.12,BR,2021-08-07 15:08:41,overcast clouds
486,Pochutla,15.7432,-96.4661,79.65,74,100,3.27,MX,2021-08-07 15:08:42,overcast clouds
487,Tokmak,47.2514,35.7058,93.22,37,92,2.68,UA,2021-08-07 15:08:42,overcast clouds
488,Kirakira,-10.4544,161.9205,77.02,83,100,6.93,SB,2021-08-07 15:08:42,overcast clouds
489,Breyten,-26.3018,29.987,63.19,11,0,4.79,ZA,2021-08-07 15:08:43,clear sky
490,Clinton,42.587,-82.9199,78.76,77,75,1.01,US,2021-08-07 15:08:43,broken clouds
491,Yelniki,54.6207,43.876,81.63,42,43,7.61,RU,2021-08-07 15:08:43,scattered clouds
492,Rampur,28.8167,79.0333,85.12,72,84,6.35,IN,2021-08-07 15:08:44,broken clouds
493,Megion,61.0296,76.1136,68.02,66,46,6.17,RU,2021-08-07 15:08:44,scattered clouds
494,Moranbah,-22.0016,148.0466,53.96,76,0,6.85,AU,2021-08-07 15:08:45,clear sky
495,Uyuni,-20.4597,-66.825,48.47,12,3,7.49,BO,2021-08-07 15:08:45,clear sky
496,Ust-Ordynskiy,52.805,104.7508,62.44,88,64,5.3,RU,2021-08-07 15:08:45,broken clouds
497,Makakilo City,21.3469,-158.0858,75.52,68,1,4.61,US,2021-08-07 15:08:46,clear sky
498,Bocas Del Toro,9.3333,-82.25,86.07,83,95,5.61,PA,2021-08-07 15:08:46,overcast clouds
499,Porto Novo,6.4965,2.6036,83.21,69,99,10.87,BJ,2021-08-07 15:04:31,light rain
500,Zhuanghe,39.7008,122.9911,73.35,86,36,3.62,CN,2021-08-07 15:08:46,light rain
501,Mach,29.8637,67.3298,92.5,32,1,6.26,PK,2021-08-07 15:08:47,clear sky
502,Lewistown,40.5992,-77.5714,84.87,68,1,0.0,US,2021-08-07 15:08:47,clear sky
503,Wahpeton,46.2652,-96.6059,74.77,68,100,16.53,US,2021-08-07 15:07:07,overcast clouds
504,Luanda,-8.8368,13.2343,75.2,78,0,9.22,AO,2021-08-07 15:08:48,clear sky
505,Tobermory,45.2501,-81.6665,71.31,89,62,2.3,CA,2021-08-07 15:08:48,broken clouds
506,Tuatapere,-46.1333,167.6833,35.82,94,100,1.36,NZ,2021-08-07 15:08:48,overcast clouds
507,Shalakusha,62.2247,40.2539,64.33,54,100,7.23,RU,2021-08-07 15:08:49,overcast clouds
508,Yerbogachen,61.2767,108.0108,54.19,62,96,5.35,RU,2021-08-07 15:08:49,overcast clouds
509,Broken Hill,-31.95,141.4333,48.04,70,0,8.52,AU,2021-08-07 15:08:49,clear sky
510,Kembe,4.6228,21.8865,72.39,92,100,2.53,CF,2021-08-07 15:08:50,overcast clouds
511,Gombe,10.2897,11.1673,77.86,78,100,6.93,NG,2021-08-07 15:08:50,overcast clouds
512,Slave Lake,55.2834,-114.769,49.98,81,90,6.91,CA,2021-08-07 15:08:50,moderate rain
513,Airai,-8.9266,125.4092,53.83,82,31,2.82,TL,2021-08-07 15:08:51,scattered clouds
514,Nioro,13.35,-15.75,85.06,67,88,8.55,GM,2021-08-07 15:08:51,overcast clouds
515,Flinders,-34.5833,150.8552,54.21,75,99,1.99,AU,2021-08-07 15:08:51,overcast clouds
516,Broome,42.2506,-75.833,82.69,77,1,1.99,US,2021-08-07 15:08:52,clear sky
517,Richards Bay,-28.783,32.0377,67.21,67,1,6.31,ZA,2021-08-07 15:08:52,clear sky
518,Svetlaya,46.5389,138.3297,60.76,96,100,20.8,RU,2021-08-07 15:08:53,light rain
519,Adre,13.4667,22.2,83.37,52,75,8.1,TD,2021-08-07 15:08:53,broken clouds
520,Forestville,38.8451,-76.875,81.45,83,75,6.91,US,2021-08-07 15:04:36,broken clouds
521,Bundaberg,-24.85,152.35,54.21,90,1,1.01,AU,2021-08-07 15:08:54,clear sky
522,Anamur,36.0751,32.8369,87.82,66,0,9.31,TR,2021-08-07 15:08:54,clear sky
523,Gat,31.61,34.7642,96.4,47,0,7.36,IL,2021-08-07 15:08:03,clear sky
524,Atakpame,7.5333,1.1333,81.05,69,99,8.1,TG,2021-08-07 15:08:54,light rain
525,Changli,39.7042,119.1506,72.84,88,0,2.59,CN,2021-08-07 15:08:55,light rain
526,Paamiut,61.994,-49.6678,42.55,93,100,8.97,GL,2021-08-07 15:08:55,moderate rain
527,Camacari,-12.6975,-38.3242,71.37,87,98,11.5,BR,2021-08-07 15:08:56,overcast clouds
528,Lasa,46.6166,10.7002,72.7,79,100,7.25,IT,2021-08-07 15:08:56,overcast clouds
529,Toora-Khem,52.4675,96.11,54.84,95,100,3.71,RU,2021-08-07 15:08:56,light rain
530,Saint-Pierre,-21.3393,55.4781,71.28,72,90,3.44,RE,2021-08-07 15:08:57,overcast clouds
531,Badia Polesine,45.0972,11.4916,94.12,33,47,10.74,IT,2021-08-07 15:08:57,scattered clouds
532,Quatre Cocos,-20.2078,57.7625,69.1,68,20,13.76,MU,2021-08-07 15:08:57,few clouds
533,Bereda,43.2686,-7.5406,70.41,58,75,7.23,ES,2021-08-07 15:08:58,broken clouds
534,Tanabe,33.7333,135.3667,80.92,82,2,1.01,JP,2021-08-07 15:08:58,clear sky
535,Rio Grande,-32.035,-52.0986,77.11,71,0,9.84,BR,2021-08-07 15:08:59,clear sky
536,San Esteban,15.2,-85.75,83.3,61,98,2.19,HN,2021-08-07 15:08:59,overcast clouds
537,Young,-32.6833,-57.6333,74.23,57,4,10.4,UY,2021-08-07 15:08:59,clear sky
538,Beringovskiy,63.05,179.3167,44.1,89,100,25.84,RU,2021-08-07 15:09:00,light rain
539,Kapit,2.0167,112.9333,77.22,89,60,1.1,MY,2021-08-07 15:09:00,moderate rain
540,Ishigaki,24.3448,124.1572,80.17,92,100,22.53,JP,2021-08-07 15:09:00,overcast clouds
541,Nipawin,53.3668,-104.0009,75.83,47,99,10.92,CA,2021-08-07 15:07:00,overcast clouds
542,Dukat,62.55,155.55,44.02,97,100,3.87,RU,2021-08-07 15:09:01,overcast clouds
543,Yangjiang,21.85,111.9667,78.85,93,100,2.59,CN,2021-08-07 15:09:01,very heavy rain
544,Taltal,-25.4,-70.4833,58.19,72,16,7.2,CL,2021-08-07 15:09:02,few clouds
545,Palasa,18.7667,84.4167,83.93,76,86,7.67,IN,2021-08-07 15:09:02,overcast clouds
546,Havelock,34.8791,-76.9013,82.35,89,98,6.4,US,2021-08-07 15:06:12,overcast clouds
547,Poli,-3.3333,36.8,69.4,47,81,8.41,TZ,2021-08-07 15:09:03,broken clouds
548,Umm Kaddadah,13.6017,26.6876,85.39,45,83,12.01,SD,2021-08-07 15:09:03,broken clouds
549,Quirinopolis,-18.4483,-50.4517,80.74,32,63,11.41,BR,2021-08-07 15:04:05,broken clouds
550,Erenhot,43.6475,111.9767,82.71,23,95,6.62,CN,2021-08-07 15:05:19,overcast clouds
551,Pangai,-19.8,-174.35,72.34,60,0,10.76,TO,2021-08-07 15:09:04,clear sky
552,Youhao,47.8667,128.8333,63.05,90,30,3.65,CN,2021-08-07 15:09:04,scattered clouds
553,Owensboro,37.7742,-87.1133,83.01,73,1,4.61,US,2021-08-07 15:07:08,clear sky
554,Kloulklubed,7.0419,134.2556,77.5,85,100,8.05,PW,2021-08-07 15:09:04,overcast clouds
555,Dzilam Gonzalez,21.2833,-88.9333,86.79,62,8,5.08,MX,2021-08-07 15:09:05,clear sky
556,Ziyang,29.2497,117.8547,77.74,82,41,3.94,CN,2021-08-07 15:09:05,scattered clouds
557,Kutulik,53.3508,102.7839,56.35,90,49,7.27,RU,2021-08-07 15:09:06,scattered clouds
558,Dubbo,-32.25,148.6167,50.13,66,90,8.05,AU,2021-08-07 15:04:28,overcast clouds
559,Atyrau,47.1167,51.8833,95.02,14,0,8.95,KZ,2021-08-07 15:09:06,clear sky
560,Voh,-20.9667,164.7,62.53,81,95,2.42,NC,2021-08-07 15:09:07,overcast clouds
561,Kemijarvi,66.7131,27.4306,71.64,39,19,7.94,FI,2021-08-07 15:09:07,few clouds
562,Dzhebariki-Khaya,62.2167,135.8,54.21,64,6,2.62,RU,2021-08-07 15:09:07,clear sky
563,Otradnoye,59.7775,30.8181,62.65,98,100,9.01,RU,2021-08-07 15:09:08,light rain
564,Hede,33.7681,120.2517,74.98,81,0,4.83,CN,2021-08-07 15:05:15,clear sky
565,Holme,56.1138,10.1725,69.75,65,72,8.72,DK,2021-08-07 15:09:08,broken clouds
566,Grindavik,63.8424,-22.4338,59.47,67,75,4.61,IS,2021-08-07 15:09:04,broken clouds
567,Tambura,5.6,27.4667,74.82,91,85,6.38,SS,2021-08-07 15:09:09,moderate rain
568,Hamilton,39.1834,-84.5333,82.72,70,1,1.01,US,2021-08-07 15:09:09,clear sky
569,Surenavan,39.75,44.8,75.81,54,72,8.23,AM,2021-08-07 15:09:10,broken clouds
570,Bourail,-21.5667,165.4833,62.49,76,100,1.03,NC,2021-08-07 15:09:10,overcast clouds
571,Half Moon Bay,37.4636,-122.4286,65.91,93,90,1.01,US,2021-08-07 15:09:10,overcast clouds
572,Yatou,37.15,122.3833,72.95,86,99,0.6,CN,2021-08-07 15:09:11,overcast clouds
573,Kizlyar,43.8469,46.715,93.31,27,0,25.01,RU,2021-08-07 15:09:11,clear sky
574,Kota Belud,6.351,116.4305,82.26,81,97,3.36,MY,2021-08-07 15:09:11,overcast clouds
575,San-Pedro,4.7485,-6.6363,79.88,73,100,10.51,CI,2021-08-07 15:09:12,overcast clouds
576,Rapid Valley,44.0625,-103.1463,78.42,47,12,9.8,US,2021-08-07 15:09:12,few clouds
577,Homer,59.6425,-151.5483,54.03,87,1,0.0,US,2021-08-07 15:09:12,clear sky
578,Yurla,59.3259,54.3223,61.83,64,41,4.94,RU,2021-08-07 15:09:13,scattered clouds
579,Gizo,-8.103,156.8419,81.3,71,100,8.08,SB,2021-08-07 15:09:13,overcast clouds
580,Kaeo,-35.1,173.7833,48.33,93,20,4.85,NZ,2021-08-07 15:09:13,few clouds
581,Kohlu,29.8962,69.252,90.16,33,23,10.42,PK,2021-08-07 15:09:14,few clouds
582,Palmer,42.1584,-72.3287,84.92,63,90,1.01,US,2021-08-07 15:09:14,overcast clouds
583,Fort-Shevchenko,44.5086,50.263,90.88,39,0,3.4,KZ,2021-08-07 15:09:14,clear sky
584,Alveringem,50.9793,2.6775,68.0,79,75,14.97,BE,2021-08-07 15:09:15,broken clouds
585,Espinosa,-14.9261,-42.8192,80.17,23,59,11.83,BR,2021-08-07 15:09:15,broken clouds
586,Xinyu,27.8043,114.9334,81.03,86,63,1.48,CN,2021-08-07 15:09:16,light rain
587,Mitsamiouli,-11.3847,43.2844,76.75,67,63,4.92,KM,2021-08-07 15:09:16,light rain
588,Palana,59.1167,159.9667,46.94,79,99,3.85,RU,2021-08-07 15:09:16,overcast clouds
589,Meulaboh,4.1363,96.1285,79.72,83,100,5.7,ID,2021-08-07 15:09:17,overcast clouds
590,Grand Gaube,-20.0064,57.6608,69.39,77,2,5.01,MU,2021-08-07 15:09:17,clear sky
591,Kidal,18.4411,1.4078,103.68,21,85,9.19,ML,2021-08-07 15:09:18,overcast clouds
592,Takestan,36.0696,49.6959,92.17,14,17,16.84,IR,2021-08-07 15:09:18,few clouds
593,Tezu,27.9167,96.1667,78.19,98,90,2.86,IN,2021-08-07 15:09:18,overcast clouds
594,Puri,19.8,85.85,84.72,80,71,16.11,IN,2021-08-07 15:09:19,broken clouds
595,Ixtapa,20.7,-105.2,80.22,83,40,0.0,MX,2021-08-07 15:09:00,scattered clouds
596,Okhotsk,59.3833,143.3,57.36,64,4,7.81,RU,2021-08-07 15:09:19,clear sky
597,Elko,41.0002,-115.5012,55.42,23,0,1.79,US,2021-08-07 15:09:19,clear sky
598,Bathsheba,13.2167,-59.5167,86.61,66,40,16.11,BB,2021-08-07 15:09:20,scattered clouds
599,Gwadar,25.1216,62.3254,81.12,84,97,11.32,PK,2021-08-07 15:09:20,overcast clouds
600,Vanavara,60.34,102.2797,56.52,61,24,4.56,RU,2021-08-07 15:09:20,few clouds
601,Kalmunai,7.4167,81.8167,83.3,77,100,5.64,LK,2021-08-07 15:09:21,overcast clouds
602,Genhe,50.7833,121.5167,57.72,91,12,3.44,CN,2021-08-07 15:09:21,few clouds
603,Torit,4.4133,32.5678,81.25,63,77,2.86,SS,2021-08-07 15:09:21,broken clouds
604,Cumberland,35.0502,-78.8664,80.82,86,75,9.22,US,2021-08-07 15:09:22,broken clouds
605,Lapolapo,13.8341,121.1379,80.35,90,87,5.73,PH,2021-08-07 15:09:22,overcast clouds
606,Challans,46.8436,-1.8749,68.97,65,29,21.41,FR,2021-08-07 15:09:22,scattered clouds
607,Krasnoborsk,61.5598,45.934,66.4,55,98,2.59,RU,2021-08-07 15:09:23,overcast clouds
608,Tutayev,57.8853,39.5406,67.48,92,100,13.51,RU,2021-08-07 15:09:23,overcast clouds
609,Carora,10.1755,-70.0827,86.65,45,90,7.23,VE,2021-08-07 15:09:24,overcast clouds
610,Terrace Bay,48.7834,-87.1,54.1,58,60,9.26,CA,2021-08-07 15:09:24,broken clouds
611,Jacksonville,30.3322,-81.6556,89.06,75,75,1.01,US,2021-08-07 15:08:43,haze
612,Niamey,13.5137,2.1098,98.82,34,20,11.21,NE,2021-08-07 15:09:24,few clouds
613,Tres Palos,18.1833,-101.6167,77.61,95,99,3.18,MX,2021-08-07 15:09:25,overcast clouds
614,Port Alberni,49.2413,-124.8028,61.92,96,100,1.01,CA,2021-08-07 15:09:25,overcast clouds
615,Baiyin,36.5583,104.2081,78.17,23,100,23.89,CN,2021-08-07 15:09:26,overcast clouds
616,Hami,42.8,93.45,85.96,17,0,9.31,CN,2021-08-07 15:09:26,clear sky
617,Hanzhong,33.0728,107.0303,69.06,83,74,1.3,CN,2021-08-07 15:09:26,broken clouds
618,Aguimes,27.9054,-15.4461,77.63,61,20,29.93,ES,2021-08-07 15:09:27,few clouds
619,Saraland,30.8207,-88.0706,88.63,74,5,2.24,US,2021-08-07 15:09:27,clear sky
620,Kushmurun,52.4503,64.6311,70.18,41,89,11.92,KZ,2021-08-07 15:09:28,overcast clouds
621,Shumskiy,54.8318,99.1328,63.66,64,84,3.09,RU,2021-08-07 15:09:28,broken clouds
622,Cauquenes,-35.9671,-72.3225,51.71,68,99,12.46,CL,2021-08-07 15:09:28,overcast clouds
623,Mandalgovi,45.7625,106.2708,65.7,45,100,8.77,MN,2021-08-07 15:08:07,overcast clouds
624,Viedma,-40.8135,-62.9967,57.04,36,100,15.97,AR,2021-08-07 15:09:29,overcast clouds
625,Harnoli,32.2792,71.5539,103.69,28,1,4.52,PK,2021-08-07 15:09:29,clear sky
626,Zyryanka,65.75,150.85,46.78,90,23,8.32,RU,2021-08-07 15:09:29,few clouds
627,Morehead,37.2711,-87.1764,81.3,77,1,0.0,US,2021-08-07 15:09:30,clear sky
628,Khani,41.9563,42.9566,74.77,88,100,1.05,GE,2021-08-07 15:09:30,overcast clouds
629,Mount Isa,-20.7333,139.5,46.17,39,0,4.61,AU,2021-08-07 15:09:31,clear sky
630,Burns Lake,54.2331,-125.7533,48.51,81,51,3.74,CA,2021-08-07 15:09:31,broken clouds
631,Atbasar,51.8,68.3333,71.6,46,8,12.39,KZ,2021-08-07 15:09:31,clear sky
632,Altay,47.8667,88.1167,64.29,44,11,6.44,CN,2021-08-07 15:09:32,few clouds
633,Ust-Ishim,57.6935,71.1665,64.74,97,94,4.45,RU,2021-08-07 15:09:32,overcast clouds
634,Kisiwani,-4.1333,37.95,76.15,52,87,9.01,TZ,2021-08-07 15:09:32,overcast clouds
635,Dembi Dolo,8.5333,34.8,64.06,85,78,2.06,ET,2021-08-07 15:09:33,light rain
636,Taoudenni,22.6783,-3.9836,116.6,7,8,11.1,ML,2021-08-07 15:09:33,clear sky
637,Kasamwa,-2.85,32.4333,83.86,28,94,5.32,TZ,2021-08-07 15:09:15,overcast clouds
638,Cap Malheureux,-19.9842,57.6142,69.48,77,2,5.01,MU,2021-08-07 15:09:33,clear sky
639,Peleduy,59.6289,112.7406,56.91,95,100,2.91,RU,2021-08-07 15:09:34,overcast clouds
640,Bolu,40.6667,31.5833,70.09,65,65,8.01,TR,2021-08-07 15:09:34,broken clouds
641,San Fernando,15.0286,120.6898,84.15,89,92,4.56,PH,2021-08-07 15:09:34,overcast clouds
642,Polson,47.6936,-114.1632,72.72,49,35,1.99,US,2021-08-07 15:09:35,scattered clouds
643,Eydhafushi,5.1033,73.0708,83.53,78,100,15.61,MV,2021-08-07 15:09:35,overcast clouds
644,Nevelsk,46.6733,141.8633,57.63,91,100,13.56,RU,2021-08-07 15:09:36,overcast clouds
645,Nhulunbuy,-12.2333,136.7667,74.01,73,75,12.66,AU,2021-08-07 15:09:36,broken clouds
646,Tongliao,43.6125,122.2653,72.73,63,3,8.3,CN,2021-08-07 15:09:36,clear sky
647,Nome,64.5011,-165.4064,46.47,87,90,9.22,US,2021-08-07 15:09:37,overcast clouds
648,Acapulco,16.8634,-99.8901,82.22,78,90,5.75,MX,2021-08-07 15:07:03,overcast clouds
649,Westport,41.1415,-73.3579,85.44,59,1,1.01,US,2021-08-07 15:09:35,clear sky
650,Misratah,32.3754,15.0925,87.69,59,0,15.77,LY,2021-08-07 15:09:37,clear sky
651,Sioux Lookout,50.1001,-91.917,59.38,64,96,8.23,CA,2021-08-07 15:09:38,overcast clouds
652,New Port Richey,28.2442,-82.7193,90.19,74,10,1.01,US,2021-08-07 15:06:05,clear sky
653,Tingo Maria,-9.2895,-76.0088,75.51,69,20,1.14,PE,2021-08-07 15:09:38,few clouds
654,Port-Gentil,-0.7193,8.7815,75.0,85,96,13.22,GA,2021-08-07 15:09:39,overcast clouds
655,Athens,37.9795,23.7162,94.6,40,20,4.0,GR,2021-08-07 15:09:25,few clouds
656,Pedra Azul,-16.0053,-41.2972,73.71,34,76,9.73,BR,2021-08-07 15:09:39,broken clouds
657,Traverse City,44.7631,-85.6206,73.06,83,90,0.0,US,2021-08-07 15:09:39,haze
658,San Buenaventura,27.0833,-101.5333,82.11,61,40,4.61,MX,2021-08-07 15:09:40,scattered clouds
659,Rio Branco,-9.9747,-67.81,86.61,51,0,3.44,BR,2021-08-07 15:09:40,clear sky
660,Kwinana,-32.25,115.7667,57.92,84,92,12.8,AU,2021-08-07 15:09:41,overcast clouds
661,Inhambane,-23.865,35.3833,72.23,66,0,9.24,MZ,2021-08-07 15:09:41,clear sky
662,Vardo,70.3705,31.1107,58.69,69,18,10.11,NO,2021-08-07 15:09:41,few clouds
663,Kolosovka,56.4678,73.611,65.19,92,92,3.6,RU,2021-08-07 15:09:42,moderate rain
664,Listvyagi,53.6772,86.951,63.05,74,37,2.64,RU,2021-08-07 15:09:42,scattered clouds
665,Pitea,65.3172,21.4794,71.69,43,10,10.2,SE,2021-08-07 15:09:42,clear sky
666,San Angelo,31.4638,-100.437,81.54,71,75,5.99,US,2021-08-07 15:09:04,broken clouds
667,Qaqortoq,60.7167,-46.0333,54.1,83,100,3.36,GL,2021-08-07 15:09:43,overcast clouds
668,Madimba,-10.4,40.3333,76.96,65,48,11.97,TZ,2021-08-07 15:09:43,scattered clouds
669,Horasan,40.0458,42.1728,74.95,40,43,2.95,TR,2021-08-07 15:09:44,scattered clouds
670,Vostok,46.4856,135.8833,61.95,99,100,3.2,RU,2021-08-07 15:09:44,overcast clouds
671,Imbituba,-28.24,-48.6703,66.09,71,96,13.67,BR,2021-08-07 15:09:45,overcast clouds
672,Mikhaylovka,50.06,43.2379,91.42,17,99,10.74,RU,2021-08-07 15:09:45,overcast clouds
673,Dwarka,22.2394,68.9678,82.31,77,92,10.89,IN,2021-08-07 15:09:45,overcast clouds
674,Adrar,20.5022,-10.0711,104.27,19,3,13.71,MR,2021-08-07 15:09:46,clear sky
675,Port Moresby,-9.4431,147.1797,73.99,88,98,13.38,PG,2021-08-07 15:09:46,overcast clouds
676,Khasan,42.4308,130.6434,71.17,89,82,3.04,RU,2021-08-07 15:09:46,broken clouds
677,Aiquile,-18.2041,-65.1807,70.34,30,0,4.9,BO,2021-08-07 15:09:47,clear sky
678,Port Lincoln,-34.7333,135.8667,54.3,71,62,8.46,AU,2021-08-07 15:09:47,broken clouds
679,Vanimo,-2.6741,141.3028,77.32,88,100,4.34,PG,2021-08-07 15:09:48,overcast clouds
680,Lebanon,36.2081,-86.2911,80.65,81,1,0.0,US,2021-08-07 15:09:48,clear sky
681,La Ronge,55.1001,-105.2842,60.51,90,99,2.3,CA,2021-08-07 15:09:49,overcast clouds
682,Stryn,61.9045,6.7226,76.14,37,99,6.02,NO,2021-08-07 15:09:49,overcast clouds
683,Shuya,56.8487,41.3883,78.64,58,52,5.46,RU,2021-08-07 15:09:50,broken clouds
684,Beloha,-25.1667,45.05,69.24,63,0,7.63,MG,2021-08-07 15:09:50,clear sky
685,Karoi,-16.8099,29.6925,77.74,19,0,2.48,ZW,2021-08-07 15:09:51,clear sky
686,Atikokan,48.7555,-91.6216,66.61,61,100,7.74,CA,2021-08-07 15:09:51,overcast clouds
687,Concepcion,-36.827,-73.0498,53.4,62,40,14.97,CL,2021-08-07 15:09:41,scattered clouds
688,Arman,59.7,150.1667,52.11,73,26,8.34,RU,2021-08-07 15:09:52,scattered clouds
689,Darnah,32.767,22.6367,82.74,66,0,21.16,LY,2021-08-07 15:09:52,clear sky
690,Fairfield,41.2668,-73.3162,84.33,63,1,10.36,US,2021-08-07 15:09:52,clear sky
691,Antofagasta,-23.65,-70.4,58.28,64,14,6.96,CL,2021-08-07 15:05:12,few clouds
692,Green River,41.5286,-109.4662,63.16,42,0,12.93,US,2021-08-07 15:09:53,clear sky
693,Kuching,1.55,110.3333,79.02,83,40,2.3,MY,2021-08-07 15:09:53,scattered clouds
